Title,Description,Link,Media URL,Pinterest board,Publish date
Grade 5 Addition Practice Worksheet (11 Problems) | Printable Practice,Printable Addition worksheet designed for Grade 5 students. Easy and fun math practice.,https://mathworksheetkidsforest.github.io/html/grade-5-addition-practice-worksheet-11-problems-9118.html,https://mathworksheetkidsforest.github.io/images/grade-5-addition-practice-worksheet-11-problems-9118.jpg,Homeschool Math,03/17/2026 08:35:00 AM
Fun Count and Color Objects Worksheet for Preschool,Printable Count and Color worksheet designed for Preschool students. Easy and fun math practice.,https://mathworksheetkidsforest.github.io/html/fun-count-and-color-objects-worksheet-for-preschool-9353.html,https://mathworksheetkidsforest.github.io/images/fun-count-and-color-objects-worksheet-for-preschool-9353.jpg,Kids Math Worksheets,03/17/2026 11:06:00 AM
Free Counting Objects Worksheet For Kindergarten Printable - Part 3 | Printable Practice,Fun and engaging Counting Objects worksheet for Kindergarten. Perfect printable math practice.,https://mathworksheetkidsforest.github.io/html/free-counting-objects-worksheet-for-kindergarten-printable-part-3-3329.html,https://mathworksheetkidsforest.github.io/images/free-counting-objects-worksheet-for-kindergarten-printable-part-3-3329.jpg,Elementary Math Activities,03/17/2026 01:38:00 PM
Free 15 Division Math Worksheet For Grade 1 - Part 4 | Printable Practice,Fun and engaging Division worksheet for Grade 1. Perfect printable math practice.,https://mathworksheetkidsforest.github.io/html/free-15-division-math-worksheet-for-grade-1-part-4-9461.html,https://mathworksheetkidsforest.github.io/images/free-15-division-math-worksheet-for-grade-1-part-4-9461.jpg,Kids Math Worksheets,03/17/2026 04:26:00 PM
4 Math Challenge Test Worksheet for Study,Teachers and parents love this Math worksheet for Math. Download and print instantly.,https://mathworksheetkidsforest.github.io/html/4-math-challenge-test-worksheet-for-study-7894.html,https://mathworksheetkidsforest.github.io/images/4-math-challenge-test-worksheet-for-study-7894.jpg,Math Practice Printables,03/17/2026 08:35:00 PM
Missing Number Math Worksheet,Help kids master Missing Number with this printable worksheet for Grade 1. Great for daily math practice.,https://mathworksheetkidsforest.github.io/html/missing-number-math-worksheet-2356.html,https://mathworksheetkidsforest.github.io/images/missing-number-math-worksheet-2356.jpg,Kids Math Worksheets,03/18/2026 08:33:00 AM
Mixed Operations Math Worksheet,Help kids master Mixed Operations with this printable worksheet for Grade 3. Great for daily math practice.,https://mathworksheetkidsforest.github.io/html/mixed-operations-math-worksheet-2680.html,https://mathworksheetkidsforest.github.io/images/mixed-operations-math-worksheet-2680.jpg,Homeschool Math,03/18/2026 11:00:00 AM
Free 22 Multiplication Math Worksheet For Grade 1 - Part 8 | Printable Practice,Fun and engaging Multiplication worksheet for Grade 1. Perfect printable math practice.,https://mathworksheetkidsforest.github.io/html/free-22-multiplication-math-worksheet-for-grade-1-part-8-5715.html,https://mathworksheetkidsforest.github.io/images/free-22-multiplication-math-worksheet-for-grade-1-part-8-5715.jpg,Kids Math Worksheets,03/18/2026 01:23:00 PM
Free 17 Subtraction Math Worksheet For Grade 5 - Part 9 | Printable Practice,Teachers and parents love this Subtraction worksheet for Grade 5. Download and print instantly.,https://mathworksheetkidsforest.github.io/html/free-17-subtraction-math-worksheet-for-grade-5-part-9-7463.html,https://mathworksheetkidsforest.github.io/images/free-17-subtraction-math-worksheet-for-grade-5-part-9-7463.jpg,Elementary Math Activities,03/18/2026 04:26:00 PM
Printable 10 Times Table Worksheet For Grade 3 - Part 10 | Printable Practice,Help kids master Times Table with this printable worksheet for Grade 3. Great for daily math practice.,https://mathworksheetkidsforest.github.io/html/printable-10-times-table-worksheet-for-grade-3-part-10-2199.html,https://mathworksheetkidsforest.github.io/images/printable-10-times-table-worksheet-for-grade-3-part-10-2199.jpg,Elementary Math Activities,03/18/2026 08:26:00 PM
Printable Tracing Worksheet For Kids - Part 11 | Free Printable,Free printable Tracing worksheet for Preschool. Perfect for homeschool practice and classroom activities.,https://mathworksheetkidsforest.github.io/html/printable-tracing-worksheet-for-kids-part-11-5609.html,https://mathworksheetkidsforest.github.io/images/printable-tracing-worksheet-for-kids-part-11-5609.jpg,Elementary Math Activities,03/19/2026 08:25:00 AM
Math Word Problem Worksheet,Printable Word Problem worksheet designed for Grade 3 students. Easy and fun math practice.,https://mathworksheetkidsforest.github.io/html/math-word-problem-worksheet-5078.html,https://mathworksheetkidsforest.github.io/images/math-word-problem-worksheet-5078.jpg,Math Practice Printables,03/19/2026 11:06:00 AM
Printable Free 27 Addition Math Worksheet For Grade 5 - Part 13 | Printable Practice,Free printable Addition worksheet for Grade 5. Perfect for homeschool practice and classroom activities.,https://mathworksheetkidsforest.github.io/html/printable-free-27-addition-math-worksheet-for-grade-5-part-13-6102.html,https://mathworksheetkidsforest.github.io/images/printable-free-27-addition-math-worksheet-for-grade-5-part-13-6102.jpg,Math Practice Printables,03/19/2026 01:36:00 PM
Grade 1 Count and Color Shapes Worksheet,Teachers and parents love this Count and Color worksheet for Grade 1. Download and print instantly.,https://mathworksheetkidsforest.github.io/html/grade-1-count-and-color-shapes-worksheet-7814.html,https://mathworksheetkidsforest.github.io/images/grade-1-count-and-color-shapes-worksheet-7814.jpg,Elementary Math Activities,03/19/2026 04:25:00 PM
Free Counting Objects Worksheet For Kindergarten Printable - Part 15 | Printable Practice,Help kids master Counting Objects with this printable worksheet for Kindergarten. Great for daily math practice.,https://mathworksheetkidsforest.github.io/html/free-counting-objects-worksheet-for-kindergarten-printable-part-15-2662.html,https://mathworksheetkidsforest.github.io/images/free-counting-objects-worksheet-for-kindergarten-printable-part-15-2662.jpg,Kids Math Worksheets,03/19/2026 08:34:00 PM
Free 14 Division Math Worksheet For Grade 2 - Part 16 | Printable Practice,Teachers and parents love this Division worksheet for Grade 2. Download and print instantly.,https://mathworksheetkidsforest.github.io/html/free-14-division-math-worksheet-for-grade-2-part-16-7466.html,https://mathworksheetkidsforest.github.io/images/free-14-division-math-worksheet-for-grade-2-part-16-7466.jpg,Math Practice Printables,03/20/2026 08:33:00 AM
7 Math Skill Test Test Worksheet for Math Learners,Help kids master Math with this printable worksheet for Math. Great for daily math practice.,https://mathworksheetkidsforest.github.io/html/7-math-skill-test-test-worksheet-for-math-learners-4944.html,https://mathworksheetkidsforest.github.io/images/7-math-skill-test-test-worksheet-for-math-learners-4944.jpg,Homeschool Math,03/20/2026 11:00:00 AM
Missing Number Math Worksheet,Printable Missing Number worksheet designed for Grade 1 students. Easy and fun math practice.,https://mathworksheetkidsforest.github.io/html/missing-number-math-worksheet-7197.html,https://mathworksheetkidsforest.github.io/images/missing-number-math-worksheet-7197.jpg,Elementary Math Activities,03/20/2026 01:32:00 PM
Mixed Operations Math Worksheet,Printable Mixed Operations worksheet designed for Grade 3 students. Easy and fun math practice.,https://mathworksheetkidsforest.github.io/html/mixed-operations-math-worksheet-1605.html,https://mathworksheetkidsforest.github.io/images/mixed-operations-math-worksheet-1605.jpg,Homeschool Math,03/20/2026 04:29:00 PM
Free 25 Multiplication Math Worksheet For Grade 1 - Part 20 | Printable Practice,Free printable Multiplication worksheet for Grade 1. Perfect for homeschool practice and classroom activities.,https://mathworksheetkidsforest.github.io/html/free-25-multiplication-math-worksheet-for-grade-1-part-20-2478.html,https://mathworksheetkidsforest.github.io/images/free-25-multiplication-math-worksheet-for-grade-1-part-20-2478.jpg,Elementary Math Activities,03/20/2026 08:26:00 PM
Free 25 Subtraction Math Worksheet For Grade 5 - Part 21 | Printable Practice,Fun and engaging Subtraction worksheet for Grade 5. Perfect printable math practice.,https://mathworksheetkidsforest.github.io/html/free-25-subtraction-math-worksheet-for-grade-5-part-21-9336.html,https://mathworksheetkidsforest.github.io/images/free-25-subtraction-math-worksheet-for-grade-5-part-21-9336.jpg,Math Practice Printables,03/21/2026 08:33:00 AM
Grade 4 Multiplication Table 11 Practice - Part 22 | Printable Practice,Printable Times Table worksheet designed for Grade 4 students. Easy and fun math practice.,https://mathworksheetkidsforest.github.io/html/grade-4-multiplication-table-11-practice-part-22-2254.html,https://mathworksheetkidsforest.github.io/images/grade-4-multiplication-table-11-practice-part-22-2254.jpg,Homeschool Math,03/21/2026 11:01:00 AM
Printable Tracing Worksheet For Kids - Part 23 | Free Printable,Fun and engaging Tracing worksheet for Preschool. Perfect printable math practice.,https://mathworksheetkidsforest.github.io/html/printable-tracing-worksheet-for-kids-part-23-4169.html,https://mathworksheetkidsforest.github.io/images/printable-tracing-worksheet-for-kids-part-23-4169.jpg,Printable Worksheets,03/21/2026 01:38:00 PM
Math Word Problem Worksheet,Printable Word Problem worksheet designed for Grade 3 students. Easy and fun math practice.,https://mathworksheetkidsforest.github.io/html/math-word-problem-worksheet-6701.html,https://mathworksheetkidsforest.github.io/images/math-word-problem-worksheet-6701.jpg,Homeschool Math,03/21/2026 04:37:00 PM
Grade 1 Addition Practice Worksheet (23 Problems) - Part 25 | Printable Practice,Teachers and parents love this Addition worksheet for Grade 1. Download and print instantly.,https://mathworksheetkidsforest.github.io/html/grade-1-addition-practice-worksheet-23-problems-part-25-3666.html,https://mathworksheetkidsforest.github.io/images/grade-1-addition-practice-worksheet-23-problems-part-25-3666.jpg,Homeschool Math,03/21/2026 08:28:00 PM
Free Preschool Count and Color Worksheet,Help kids master Count and Color with this printable worksheet for Preschool. Great for daily math practice.,https://mathworksheetkidsforest.github.io/html/free-preschool-count-and-color-worksheet-5476.html,https://mathworksheetkidsforest.github.io/images/free-preschool-count-and-color-worksheet-5476.jpg,Printable Worksheets,03/22/2026 08:26:00 AM
Pre-K Count The Objects Worksheet - Part 27 | Printable Practice,Printable Counting Objects worksheet designed for Pre-K students. Easy and fun math practice.,https://mathworksheetkidsforest.github.io/html/pre-k-count-the-objects-worksheet-part-27-7074.html,https://mathworksheetkidsforest.github.io/images/pre-k-count-the-objects-worksheet-part-27-7074.jpg,Elementary Math Activities,03/22/2026 11:03:00 AM
Printable Free 19 Division Math Worksheet For Grade 1 - Part 28 | Printable Practice,Fun and engaging Division worksheet for Grade 1. Perfect printable math practice.,https://mathworksheetkidsforest.github.io/html/printable-free-19-division-math-worksheet-for-grade-1-part-28-5974.html,https://mathworksheetkidsforest.github.io/images/printable-free-19-division-math-worksheet-for-grade-1-part-28-5974.jpg,Kids Math Worksheets,03/22/2026 01:25:00 PM
4 General Math Quiz,Teachers and parents love this Math worksheet for Math. Download and print instantly.,https://mathworksheetkidsforest.github.io/html/4-general-math-quiz-3962.html,https://mathworksheetkidsforest.github.io/images/4-general-math-quiz-3962.jpg,Printable Worksheets,03/22/2026 04:26:00 PM
Missing Number Math Worksheet,Fun and engaging Missing Number worksheet for Grade 1. Perfect printable math practice.,https://mathworksheetkidsforest.github.io/html/missing-number-math-worksheet-2400.html,https://mathworksheetkidsforest.github.io/images/missing-number-math-worksheet-2400.jpg,Printable Worksheets,03/22/2026 08:32:00 PM
Mixed Operations Math Worksheet,Teachers and parents love this Mixed Operations worksheet for Grade 3. Download and print instantly.,https://mathworksheetkidsforest.github.io/html/mixed-operations-math-worksheet-9515.html,https://mathworksheetkidsforest.github.io/images/mixed-operations-math-worksheet-9515.jpg,Elementary Math Activities,03/23/2026 08:34:00 AM
Free 29 Multiplication Math Worksheet For Grade 2 - Part 32 | Printable Practice,Fun and engaging Multiplication worksheet for Grade 2. Perfect printable math practice.,https://mathworksheetkidsforest.github.io/html/free-29-multiplication-math-worksheet-for-grade-2-part-32-2666.html,https://mathworksheetkidsforest.github.io/images/free-29-multiplication-math-worksheet-for-grade-2-part-32-2666.jpg,Kids Math Worksheets,03/23/2026 11:04:00 AM
Grade 5 Subtraction Practice Worksheet (21 Problems) - Part 33 | Printable Practice,Printable Subtraction worksheet designed for Grade 5 students. Easy and fun math practice.,https://mathworksheetkidsforest.github.io/html/grade-5-subtraction-practice-worksheet-21-problems-part-33-4274.html,https://mathworksheetkidsforest.github.io/images/grade-5-subtraction-practice-worksheet-21-problems-part-33-4274.jpg,Printable Worksheets,03/23/2026 01:26:00 PM
11 Times Table Worksheet For Grade 4 With Answers - Part 34 | Printable Practice,Printable Times Table worksheet designed for Grade 4 students. Easy and fun math practice.,https://mathworksheetkidsforest.github.io/html/11-times-table-worksheet-for-grade-4-with-answers-part-34-5398.html,https://mathworksheetkidsforest.github.io/images/11-times-table-worksheet-for-grade-4-with-answers-part-34-5398.jpg,Printable Worksheets,03/23/2026 04:33:00 PM
Printable Tracing Worksheet For Kids - Part 35 | Free Printable,Printable Tracing worksheet designed for Kindergarten students. Easy and fun math practice.,https://mathworksheetkidsforest.github.io/html/printable-tracing-worksheet-for-kids-part-35-6607.html,https://mathworksheetkidsforest.github.io/images/printable-tracing-worksheet-for-kids-part-35-6607.jpg,Elementary Math Activities,03/23/2026 08:26:00 PM
Math Word Problem Worksheet,Help kids master Word Problem with this printable worksheet for Grade 3. Great for daily math practice.,https://mathworksheetkidsforest.github.io/html/math-word-problem-worksheet-4466.html,https://mathworksheetkidsforest.github.io/images/math-word-problem-worksheet-4466.jpg,Elementary Math Activities,03/24/2026 08:28:00 AM
Free 10 Addition Math Worksheet For Grade 3 - Part 37 | Printable Practice,Printable Addition worksheet designed for Grade 3 students. Easy and fun math practice.,https://mathworksheetkidsforest.github.io/html/free-10-addition-math-worksheet-for-grade-3-part-37-7523.html,https://mathworksheetkidsforest.github.io/images/free-10-addition-math-worksheet-for-grade-3-part-37-7523.jpg,Printable Worksheets,03/24/2026 11:00:00 AM
Printable Count and Color Worksheet for Kindergarten Kids,Printable Count and Color worksheet designed for Kindergarten students. Easy and fun math practice.,https://mathworksheetkidsforest.github.io/html/printable-count-and-color-worksheet-for-kindergarten-kids-3699.html,https://mathworksheetkidsforest.github.io/images/printable-count-and-color-worksheet-for-kindergarten-kids-3699.jpg,Math Practice Printables,03/24/2026 01:24:00 PM
Learn Counting With Pictures Worksheet (Kindergarten) - Part 39 | Printable Practice,Printable Counting Objects worksheet designed for Kindergarten students. Easy and fun math practice.,https://mathworksheetkidsforest.github.io/html/learn-counting-with-pictures-worksheet-kindergarten-part-39-6170.html,https://mathworksheetkidsforest.github.io/images/learn-counting-with-pictures-worksheet-kindergarten-part-39-6170.jpg,Math Practice Printables,03/24/2026 04:33:00 PM
Free 26 Division Math Worksheet For Grade 1 With Answers - Part 40 | Printable Practice,Teachers and parents love this Division worksheet for Grade 1. Download and print instantly.,https://mathworksheetkidsforest.github.io/html/free-26-division-math-worksheet-for-grade-1-with-answers-part-40-8722.html,https://mathworksheetkidsforest.github.io/images/free-26-division-math-worksheet-for-grade-1-with-answers-part-40-8722.jpg,Printable Worksheets,03/24/2026 08:24:00 PM
Complete General Math Quiz for Students (8 Questions),Fun and engaging Math worksheet for Math. Perfect printable math practice.,https://mathworksheetkidsforest.github.io/html/complete-general-math-quiz-for-students-8-questions-6867.html,https://mathworksheetkidsforest.github.io/images/complete-general-math-quiz-for-students-8-questions-6867.jpg,Printable Worksheets,03/25/2026 08:30:00 AM
Missing Number Math Worksheet,Fun and engaging Missing Number worksheet for Grade 1. Perfect printable math practice.,https://mathworksheetkidsforest.github.io/html/missing-number-math-worksheet-5574.html,https://mathworksheetkidsforest.github.io/images/missing-number-math-worksheet-5574.jpg,Elementary Math Activities,03/25/2026 11:01:00 AM
Mixed Operations Math Worksheet,Fun and engaging Mixed Operations worksheet for Grade 3. Perfect printable math practice.,https://mathworksheetkidsforest.github.io/html/mixed-operations-math-worksheet-4376.html,https://mathworksheetkidsforest.github.io/images/mixed-operations-math-worksheet-4376.jpg,Math Practice Printables,03/25/2026 01:35:00 PM
Printable Free 17 Multiplication Math Worksheet For Grade 2 - Part 44 | Printable Practice,Help kids master Multiplication with this printable worksheet for Grade 2. Great for daily math practice.,https://mathworksheetkidsforest.github.io/html/printable-free-17-multiplication-math-worksheet-for-grade-2-part-44-2041.html,https://mathworksheetkidsforest.github.io/images/printable-free-17-multiplication-math-worksheet-for-grade-2-part-44-2041.jpg,Elementary Math Activities,03/25/2026 04:30:00 PM
Free 24 Subtraction Math Worksheet For Grade 2 - Part 45 | Printable Practice,Teachers and parents love this Subtraction worksheet for Grade 2. Download and print instantly.,https://mathworksheetkidsforest.github.io/html/free-24-subtraction-math-worksheet-for-grade-2-part-45-5038.html,https://mathworksheetkidsforest.github.io/images/free-24-subtraction-math-worksheet-for-grade-2-part-45-5038.jpg,Homeschool Math,03/25/2026 08:26:00 PM
2 Times Table Worksheet For Grade 2 - Part 46 | Printable Practice,Fun and engaging Times Table worksheet for Grade 2. Perfect printable math practice.,https://mathworksheetkidsforest.github.io/html/2-times-table-worksheet-for-grade-2-part-46-1975.html,https://mathworksheetkidsforest.github.io/images/2-times-table-worksheet-for-grade-2-part-46-1975.jpg,Homeschool Math,03/26/2026 08:26:00 AM
Printable Tracing Worksheet For Kids - Part 47 | Free Printable,Help kids master Tracing with this printable worksheet for Kindergarten. Great for daily math practice.,https://mathworksheetkidsforest.github.io/html/printable-tracing-worksheet-for-kids-part-47-9163.html,https://mathworksheetkidsforest.github.io/images/printable-tracing-worksheet-for-kids-part-47-9163.jpg,Elementary Math Activities,03/26/2026 11:00:00 AM
Math Word Problem Worksheet,Help kids master Word Problem with this printable worksheet for Grade 3. Great for daily math practice.,https://mathworksheetkidsforest.github.io/html/math-word-problem-worksheet-2977.html,https://mathworksheetkidsforest.github.io/images/math-word-problem-worksheet-2977.jpg,Printable Worksheets,03/26/2026 01:34:00 PM
Free 10 Addition Math Worksheet For Grade 1 With Answers - Part 49 | Printable Practice,Fun and engaging Addition worksheet for Grade 1. Perfect printable math practice.,https://mathworksheetkidsforest.github.io/html/free-10-addition-math-worksheet-for-grade-1-with-answers-part-49-9908.html,https://mathworksheetkidsforest.github.io/images/free-10-addition-math-worksheet-for-grade-1-with-answers-part-49-9908.jpg,Homeschool Math,03/26/2026 04:25:00 PM
4 Free Count and Color Worksheets for Preschool,Teachers and parents love this Count and Color worksheet for Preschool. Download and print instantly.,https://mathworksheetkidsforest.github.io/html/4-free-count-and-color-worksheets-for-preschool-7085.html,https://mathworksheetkidsforest.github.io/images/4-free-count-and-color-worksheets-for-preschool-7085.jpg,Math Practice Printables,03/26/2026 08:29:00 PM
Learn Counting With Pictures Worksheet (Kindergarten) - Part 51 | Printable Practice,Teachers and parents love this Counting Objects worksheet for Kindergarten. Download and print instantly.,https://mathworksheetkidsforest.github.io/html/learn-counting-with-pictures-worksheet-kindergarten-part-51-6119.html,https://mathworksheetkidsforest.github.io/images/learn-counting-with-pictures-worksheet-kindergarten-part-51-6119.jpg,Printable Worksheets,03/27/2026 08:27:00 AM
Grade 2 Division Practice Worksheet (24 Problems) - Part 52 | Printable Practice,Printable Division worksheet designed for Grade 2 students. Easy and fun math practice.,https://mathworksheetkidsforest.github.io/html/grade-2-division-practice-worksheet-24-problems-part-52-9263.html,https://mathworksheetkidsforest.github.io/images/grade-2-division-practice-worksheet-24-problems-part-52-9263.jpg,Elementary Math Activities,03/27/2026 11:00:00 AM
4 Mathematics Problem Set Training Worksheet for Study,Printable Math worksheet designed for Math students. Easy and fun math practice.,https://mathworksheetkidsforest.github.io/html/4-mathematics-problem-set-training-worksheet-for-study-5831.html,https://mathworksheetkidsforest.github.io/images/4-mathematics-problem-set-training-worksheet-for-study-5831.jpg,Printable Worksheets,03/27/2026 01:25:00 PM
Missing Number Math Worksheet,Teachers and parents love this Missing Number worksheet for Grade 1. Download and print instantly.,https://mathworksheetkidsforest.github.io/html/missing-number-math-worksheet-3317.html,https://mathworksheetkidsforest.github.io/images/missing-number-math-worksheet-3317.jpg,Kids Math Worksheets,03/27/2026 04:37:00 PM
Mixed Operations Math Worksheet,Teachers and parents love this Mixed Operations worksheet for Grade 3. Download and print instantly.,https://mathworksheetkidsforest.github.io/html/mixed-operations-math-worksheet-6226.html,https://mathworksheetkidsforest.github.io/images/mixed-operations-math-worksheet-6226.jpg,Math Practice Printables,03/27/2026 08:24:00 PM
Free 12 Multiplication Math Worksheet For Grade 1 With Answers - Part 56 | Printable Practice,Free printable Multiplication worksheet for Grade 1. Perfect for homeschool practice and classroom activities.,https://mathworksheetkidsforest.github.io/html/free-12-multiplication-math-worksheet-for-grade-1-with-answers-part-56-3057.html,https://mathworksheetkidsforest.github.io/images/free-12-multiplication-math-worksheet-for-grade-1-with-answers-part-56-3057.jpg,Printable Worksheets,03/28/2026 08:36:00 AM
Free 17 Subtraction Math Worksheet For Grade 3 - Part 57 | Printable Practice,Free printable Subtraction worksheet for Grade 3. Perfect for homeschool practice and classroom activities.,https://mathworksheetkidsforest.github.io/html/free-17-subtraction-math-worksheet-for-grade-3-part-57-7263.html,https://mathworksheetkidsforest.github.io/images/free-17-subtraction-math-worksheet-for-grade-3-part-57-7263.jpg,Elementary Math Activities,03/28/2026 11:00:00 AM
8 Times Table Worksheet For Grade 3 With Answers - Part 58 | Printable Practice,Teachers and parents love this Times Table worksheet for Grade 3. Download and print instantly.,https://mathworksheetkidsforest.github.io/html/8-times-table-worksheet-for-grade-3-with-answers-part-58-1347.html,https://mathworksheetkidsforest.github.io/images/8-times-table-worksheet-for-grade-3-with-answers-part-58-1347.jpg,Elementary Math Activities,03/28/2026 01:32:00 PM
Printable Tracing Worksheet For Kids - Part 59 | Free Printable,Help kids master Tracing with this printable worksheet for Preschool. Great for daily math practice.,https://mathworksheetkidsforest.github.io/html/printable-tracing-worksheet-for-kids-part-59-6544.html,https://mathworksheetkidsforest.github.io/images/printable-tracing-worksheet-for-kids-part-59-6544.jpg,Printable Worksheets,03/28/2026 04:30:00 PM
Math Word Problem Worksheet,Fun and engaging Word Problem worksheet for Grade 3. Perfect printable math practice.,https://mathworksheetkidsforest.github.io/html/math-word-problem-worksheet-2395.html,https://mathworksheetkidsforest.github.io/images/math-word-problem-worksheet-2395.jpg,Kids Math Worksheets,03/28/2026 08:27:00 PM
Printable Free 19 Addition Math Worksheet For Grade 1 - Part 61 | Printable Practice,Printable Addition worksheet designed for Grade 1 students. Easy and fun math practice.,https://mathworksheetkidsforest.github.io/html/printable-free-19-addition-math-worksheet-for-grade-1-part-61-3051.html,https://mathworksheetkidsforest.github.io/images/printable-free-19-addition-math-worksheet-for-grade-1-part-61-3051.jpg,Math Practice Printables,03/29/2026 08:24:00 AM
Fun Count and Color Objects Worksheet for Kindergarten,Printable Count and Color worksheet designed for Kindergarten students. Easy and fun math practice.,https://mathworksheetkidsforest.github.io/html/fun-count-and-color-objects-worksheet-for-kindergarten-5156.html,https://mathworksheetkidsforest.github.io/images/fun-count-and-color-objects-worksheet-for-kindergarten-5156.jpg,Elementary Math Activities,03/29/2026 11:03:00 AM
Kindergarten Count The Objects Worksheet - Part 63 | Printable Practice,Printable Counting Objects worksheet designed for Kindergarten students. Easy and fun math practice.,https://mathworksheetkidsforest.github.io/html/kindergarten-count-the-objects-worksheet-part-63-1083.html,https://mathworksheetkidsforest.github.io/images/kindergarten-count-the-objects-worksheet-part-63-1083.jpg,Printable Worksheets,03/29/2026 01:38:00 PM
Printable Free 10 Division Math Worksheet For Grade 1 - Part 64 | Printable Practice,Help kids master Division with this printable worksheet for Grade 1. Great for daily math practice.,https://mathworksheetkidsforest.github.io/html/printable-free-10-division-math-worksheet-for-grade-1-part-64-3077.html,https://mathworksheetkidsforest.github.io/images/printable-free-10-division-math-worksheet-for-grade-1-part-64-3077.jpg,Homeschool Math,03/29/2026 04:33:00 PM
4 Math Skill Test for Practice,Teachers and parents love this Math worksheet for Math. Download and print instantly.,https://mathworksheetkidsforest.github.io/html/4-math-skill-test-for-practice-7740.html,https://mathworksheetkidsforest.github.io/images/4-math-skill-test-for-practice-7740.jpg,Elementary Math Activities,03/29/2026 08:35:00 PM
Missing Number Math Worksheet,Help kids master Missing Number with this printable worksheet for Grade 1. Great for daily math practice.,https://mathworksheetkidsforest.github.io/html/missing-number-math-worksheet-3994.html,https://mathworksheetkidsforest.github.io/images/missing-number-math-worksheet-3994.jpg,Kids Math Worksheets,03/30/2026 08:24:00 AM
Mixed Operations Math Worksheet,Free printable Mixed Operations worksheet for Grade 3. Perfect for homeschool practice and classroom activities.,https://mathworksheetkidsforest.github.io/html/mixed-operations-math-worksheet-2777.html,https://mathworksheetkidsforest.github.io/images/mixed-operations-math-worksheet-2777.jpg,Printable Worksheets,03/30/2026 11:00:00 AM
Printable Free 27 Multiplication Math Worksheet For Grade 2 - Part 68 | Printable Practice,Printable Multiplication worksheet designed for Grade 2 students. Easy and fun math practice.,https://mathworksheetkidsforest.github.io/html/printable-free-27-multiplication-math-worksheet-for-grade-2-part-68-3945.html,https://mathworksheetkidsforest.github.io/images/printable-free-27-multiplication-math-worksheet-for-grade-2-part-68-3945.jpg,Kids Math Worksheets,03/30/2026 01:36:00 PM
Free 12 Subtraction Math Worksheet For Grade 2 - Part 69 | Printable Practice,Help kids master Subtraction with this printable worksheet for Grade 2. Great for daily math practice.,https://mathworksheetkidsforest.github.io/html/free-12-subtraction-math-worksheet-for-grade-2-part-69-9763.html,https://mathworksheetkidsforest.github.io/images/free-12-subtraction-math-worksheet-for-grade-2-part-69-9763.jpg,Kids Math Worksheets,03/30/2026 04:35:00 PM
Grade 3 Multiplication Table 6 Practice - Part 70 | Printable Practice,Teachers and parents love this Times Table worksheet for Grade 3. Download and print instantly.,https://mathworksheetkidsforest.github.io/html/grade-3-multiplication-table-6-practice-part-70-5772.html,https://mathworksheetkidsforest.github.io/images/grade-3-multiplication-table-6-practice-part-70-5772.jpg,Printable Worksheets,03/30/2026 08:29:00 PM
Printable Tracing Worksheet For Kids - Part 71 | Free Printable,Help kids master Tracing with this printable worksheet for Kindergarten. Great for daily math practice.,https://mathworksheetkidsforest.github.io/html/printable-tracing-worksheet-for-kids-part-71-2183.html,https://mathworksheetkidsforest.github.io/images/printable-tracing-worksheet-for-kids-part-71-2183.jpg,Elementary Math Activities,03/31/2026 08:33:00 AM
Math Word Problem Worksheet,Fun and engaging Word Problem worksheet for Grade 3. Perfect printable math practice.,https://mathworksheetkidsforest.github.io/html/math-word-problem-worksheet-1113.html,https://mathworksheetkidsforest.github.io/images/math-word-problem-worksheet-1113.jpg,Math Practice Printables,03/31/2026 11:00:00 AM
Free 19 Addition Math Worksheet For Grade 1 With Answers - Part 73 | Printable Practice,Help kids master Addition with this printable worksheet for Grade 1. Great for daily math practice.,https://mathworksheetkidsforest.github.io/html/free-19-addition-math-worksheet-for-grade-1-with-answers-part-73-1719.html,https://mathworksheetkidsforest.github.io/images/free-19-addition-math-worksheet-for-grade-1-with-answers-part-73-1719.jpg,Homeschool Math,03/31/2026 01:26:00 PM
Fun Count and Color Objects Worksheet for Grade 1,Free printable Count and Color worksheet for Grade 1. Perfect for homeschool practice and classroom activities.,https://mathworksheetkidsforest.github.io/html/fun-count-and-color-objects-worksheet-for-grade-1-4923.html,https://mathworksheetkidsforest.github.io/images/fun-count-and-color-objects-worksheet-for-grade-1-4923.jpg,Homeschool Math,03/31/2026 04:24:00 PM
Free Counting Objects Worksheet For Kindergarten Printable - Part 75 | Printable Practice,Help kids master Counting Objects with this printable worksheet for Kindergarten. Great for daily math practice.,https://mathworksheetkidsforest.github.io/html/free-counting-objects-worksheet-for-kindergarten-printable-part-75-6125.html,https://mathworksheetkidsforest.github.io/images/free-counting-objects-worksheet-for-kindergarten-printable-part-75-6125.jpg,Kids Math Worksheets,03/31/2026 08:25:00 PM
Free 14 Division Math Worksheet For Grade 2 With Answers - Part 76 | Printable Practice,Printable Division worksheet designed for Grade 2 students. Easy and fun math practice.,https://mathworksheetkidsforest.github.io/html/free-14-division-math-worksheet-for-grade-2-with-answers-part-76-1774.html,https://mathworksheetkidsforest.github.io/images/free-14-division-math-worksheet-for-grade-2-with-answers-part-76-1774.jpg,Printable Worksheets,04/01/2026 08:34:00 AM
Ultimate Mathematics Quiz Worksheet (7 Questions),Free printable Math worksheet for Math. Perfect for homeschool practice and classroom activities.,https://mathworksheetkidsforest.github.io/html/ultimate-mathematics-quiz-worksheet-7-questions-3463.html,https://mathworksheetkidsforest.github.io/images/ultimate-mathematics-quiz-worksheet-7-questions-3463.jpg,Homeschool Math,04/01/2026 11:03:00 AM
Missing Number Math Worksheet,Help kids master Missing Number with this printable worksheet for Grade 1. Great for daily math practice.,https://mathworksheetkidsforest.github.io/html/missing-number-math-worksheet-6137.html,https://mathworksheetkidsforest.github.io/images/missing-number-math-worksheet-6137.jpg,Homeschool Math,04/01/2026 01:33:00 PM
Mixed Operations Math Worksheet,Free printable Mixed Operations worksheet for Grade 3. Perfect for homeschool practice and classroom activities.,https://mathworksheetkidsforest.github.io/html/mixed-operations-math-worksheet-4315.html,https://mathworksheetkidsforest.github.io/images/mixed-operations-math-worksheet-4315.jpg,Kids Math Worksheets,04/01/2026 04:32:00 PM
Free 30 Multiplication Math Worksheet For Grade 1 With Answers - Part 80 | Printable Practice,Free printable Multiplication worksheet for Grade 1. Perfect for homeschool practice and classroom activities.,https://mathworksheetkidsforest.github.io/html/free-30-multiplication-math-worksheet-for-grade-1-with-answers-part-80-5963.html,https://mathworksheetkidsforest.github.io/images/free-30-multiplication-math-worksheet-for-grade-1-with-answers-part-80-5963.jpg,Printable Worksheets,04/01/2026 08:34:00 PM
Printable Free 23 Subtraction Math Worksheet For Grade 2 - Part 81 | Printable Practice,Teachers and parents love this Subtraction worksheet for Grade 2. Download and print instantly.,https://mathworksheetkidsforest.github.io/html/printable-free-23-subtraction-math-worksheet-for-grade-2-part-81-1451.html,https://mathworksheetkidsforest.github.io/images/printable-free-23-subtraction-math-worksheet-for-grade-2-part-81-1451.jpg,Elementary Math Activities,04/02/2026 08:34:00 AM
Grade 3 Multiplication Table 9 Practice - Part 82 | Printable Practice,Help kids master Times Table with this printable worksheet for Grade 3. Great for daily math practice.,https://mathworksheetkidsforest.github.io/html/grade-3-multiplication-table-9-practice-part-82-1791.html,https://mathworksheetkidsforest.github.io/images/grade-3-multiplication-table-9-practice-part-82-1791.jpg,Kids Math Worksheets,04/02/2026 11:04:00 AM
Printable Tracing Worksheet For Kids - Part 83 | Free Printable,Free printable Tracing worksheet for Kindergarten. Perfect for homeschool practice and classroom activities.,https://mathworksheetkidsforest.github.io/html/printable-tracing-worksheet-for-kids-part-83-1481.html,https://mathworksheetkidsforest.github.io/images/printable-tracing-worksheet-for-kids-part-83-1481.jpg,Printable Worksheets,04/02/2026 01:28:00 PM
Math Word Problem Worksheet,Teachers and parents love this Word Problem worksheet for Grade 3. Download and print instantly.,https://mathworksheetkidsforest.github.io/html/math-word-problem-worksheet-1597.html,https://mathworksheetkidsforest.github.io/images/math-word-problem-worksheet-1597.jpg,Homeschool Math,04/02/2026 04:37:00 PM
Printable Free 19 Addition Math Worksheet For Grade 3 - Part 85 | Printable Practice,Teachers and parents love this Addition worksheet for Grade 3. Download and print instantly.,https://mathworksheetkidsforest.github.io/html/printable-free-19-addition-math-worksheet-for-grade-3-part-85-3254.html,https://mathworksheetkidsforest.github.io/images/printable-free-19-addition-math-worksheet-for-grade-3-part-85-3254.jpg,Math Practice Printables,04/02/2026 08:36:00 PM
3 Free Count and Color Worksheets for Grade 1,Help kids master Count and Color with this printable worksheet for Grade 1. Great for daily math practice.,https://mathworksheetkidsforest.github.io/html/3-free-count-and-color-worksheets-for-grade-1-1079.html,https://mathworksheetkidsforest.github.io/images/3-free-count-and-color-worksheets-for-grade-1-1079.jpg,Printable Worksheets,04/03/2026 08:35:00 AM
Free Counting Objects Worksheet For Kindergarten Printable - Part 87 | Printable Practice,Help kids master Counting Objects with this printable worksheet for Kindergarten. Great for daily math practice.,https://mathworksheetkidsforest.github.io/html/free-counting-objects-worksheet-for-kindergarten-printable-part-87-4568.html,https://mathworksheetkidsforest.github.io/images/free-counting-objects-worksheet-for-kindergarten-printable-part-87-4568.jpg,Printable Worksheets,04/03/2026 11:00:00 AM
Printable Free 19 Division Math Worksheet For Grade 2 - Part 88 | Printable Practice,Printable Division worksheet designed for Grade 2 students. Easy and fun math practice.,https://mathworksheetkidsforest.github.io/html/printable-free-19-division-math-worksheet-for-grade-2-part-88-9511.html,https://mathworksheetkidsforest.github.io/images/printable-free-19-division-math-worksheet-for-grade-2-part-88-9511.jpg,Printable Worksheets,04/03/2026 01:25:00 PM
4 Math Knowledge Test Printable Worksheet,Help kids master Math with this printable worksheet for Math. Great for daily math practice.,https://mathworksheetkidsforest.github.io/html/4-math-knowledge-test-printable-worksheet-9590.html,https://mathworksheetkidsforest.github.io/images/4-math-knowledge-test-printable-worksheet-9590.jpg,Homeschool Math,04/03/2026 04:24:00 PM
Missing Number Math Worksheet,Help kids master Missing Number with this printable worksheet for Grade 1. Great for daily math practice.,https://mathworksheetkidsforest.github.io/html/missing-number-math-worksheet-3687.html,https://mathworksheetkidsforest.github.io/images/missing-number-math-worksheet-3687.jpg,Homeschool Math,04/03/2026 08:33:00 PM
Mixed Operations Math Worksheet,Help kids master Mixed Operations with this printable worksheet for Grade 3. Great for daily math practice.,https://mathworksheetkidsforest.github.io/html/mixed-operations-math-worksheet-6733.html,https://mathworksheetkidsforest.github.io/images/mixed-operations-math-worksheet-6733.jpg,Printable Worksheets,04/04/2026 08:38:00 AM
Free 26 Multiplication Math Worksheet For Grade 1 With Answers - Part 92 | Printable Practice,Printable Multiplication worksheet designed for Grade 1 students. Easy and fun math practice.,https://mathworksheetkidsforest.github.io/html/free-26-multiplication-math-worksheet-for-grade-1-with-answers-part-92-2408.html,https://mathworksheetkidsforest.github.io/images/free-26-multiplication-math-worksheet-for-grade-1-with-answers-part-92-2408.jpg,Math Practice Printables,04/04/2026 11:02:00 AM
Free 28 Subtraction Math Worksheet For Grade 3 - Part 93 | Printable Practice,Printable Subtraction worksheet designed for Grade 3 students. Easy and fun math practice.,https://mathworksheetkidsforest.github.io/html/free-28-subtraction-math-worksheet-for-grade-3-part-93-7852.html,https://mathworksheetkidsforest.github.io/images/free-28-subtraction-math-worksheet-for-grade-3-part-93-7852.jpg,Elementary Math Activities,04/04/2026 01:25:00 PM
Grade 2 Multiplication Table 3 Practice - Part 94 | Printable Practice,Free printable Times Table worksheet for Grade 2. Perfect for homeschool practice and classroom activities.,https://mathworksheetkidsforest.github.io/html/grade-2-multiplication-table-3-practice-part-94-9776.html,https://mathworksheetkidsforest.github.io/images/grade-2-multiplication-table-3-practice-part-94-9776.jpg,Elementary Math Activities,04/04/2026 04:23:00 PM
Printable Tracing Worksheet For Kids - Part 95 | Free Printable,Free printable Tracing worksheet for Kindergarten. Perfect for homeschool practice and classroom activities.,https://mathworksheetkidsforest.github.io/html/printable-tracing-worksheet-for-kids-part-95-2222.html,https://mathworksheetkidsforest.github.io/images/printable-tracing-worksheet-for-kids-part-95-2222.jpg,Kids Math Worksheets,04/04/2026 08:33:00 PM
Math Word Problem Worksheet,Teachers and parents love this Word Problem worksheet for Grade 3. Download and print instantly.,https://mathworksheetkidsforest.github.io/html/math-word-problem-worksheet-2484.html,https://mathworksheetkidsforest.github.io/images/math-word-problem-worksheet-2484.jpg,Math Practice Printables,04/05/2026 08:37:00 AM
Grade 3 Addition Practice Worksheet (21 Problems) - Part 97 | Printable Practice,Fun and engaging Addition worksheet for Grade 3. Perfect printable math practice.,https://mathworksheetkidsforest.github.io/html/grade-3-addition-practice-worksheet-21-problems-part-97-7345.html,https://mathworksheetkidsforest.github.io/images/grade-3-addition-practice-worksheet-21-problems-part-97-7345.jpg,Homeschool Math,04/05/2026 11:06:00 AM
Kindergarten Count and Color Shapes Worksheet,Printable Count and Color worksheet designed for Kindergarten students. Easy and fun math practice.,https://mathworksheetkidsforest.github.io/html/kindergarten-count-and-color-shapes-worksheet-1025.html,https://mathworksheetkidsforest.github.io/images/kindergarten-count-and-color-shapes-worksheet-1025.jpg,Elementary Math Activities,04/05/2026 01:35:00 PM
Free Counting Objects Worksheet For Kindergarten Printable - Part 99 | Printable Practice,Fun and engaging Counting Objects worksheet for Kindergarten. Perfect printable math practice.,https://mathworksheetkidsforest.github.io/html/free-counting-objects-worksheet-for-kindergarten-printable-part-99-9738.html,https://mathworksheetkidsforest.github.io/images/free-counting-objects-worksheet-for-kindergarten-printable-part-99-9738.jpg,Kids Math Worksheets,04/05/2026 04:38:00 PM
Free 22 Division Math Worksheet For Grade 2 - Part 100 | Printable Practice,Fun and engaging Division worksheet for Grade 2. Perfect printable math practice.,https://mathworksheetkidsforest.github.io/html/free-22-division-math-worksheet-for-grade-2-part-100-8895.html,https://mathworksheetkidsforest.github.io/images/free-22-division-math-worksheet-for-grade-2-part-100-8895.jpg,Elementary Math Activities,04/05/2026 08:30:00 PM
4 Math Quiz for Study,Free printable Math worksheet for Math. Perfect for homeschool practice and classroom activities.,https://mathworksheetkidsforest.github.io/html/4-math-quiz-for-study-4605.html,https://mathworksheetkidsforest.github.io/images/4-math-quiz-for-study-4605.jpg,Printable Worksheets,04/06/2026 08:23:00 AM
Missing Number Math Worksheet,Fun and engaging Missing Number worksheet for Grade 1. Perfect printable math practice.,https://mathworksheetkidsforest.github.io/html/missing-number-math-worksheet-9745.html,https://mathworksheetkidsforest.github.io/images/missing-number-math-worksheet-9745.jpg,Kids Math Worksheets,04/06/2026 11:00:00 AM
Mixed Operations Math Worksheet,Free printable Mixed Operations worksheet for Grade 3. Perfect for homeschool practice and classroom activities.,https://mathworksheetkidsforest.github.io/html/mixed-operations-math-worksheet-1683.html,https://mathworksheetkidsforest.github.io/images/mixed-operations-math-worksheet-1683.jpg,Homeschool Math,04/06/2026 01:36:00 PM
Grade 2 Multiplication Practice Worksheet (24 Problems) - Part 104 | Printable Practice,Fun and engaging Multiplication worksheet for Grade 2. Perfect printable math practice.,https://mathworksheetkidsforest.github.io/html/grade-2-multiplication-practice-worksheet-24-problems-part-104-6613.html,https://mathworksheetkidsforest.github.io/images/grade-2-multiplication-practice-worksheet-24-problems-part-104-6613.jpg,Kids Math Worksheets,04/06/2026 04:23:00 PM
Free 15 Subtraction Math Worksheet For Grade 5 With Answers - Part 105 | Printable Practice,Fun and engaging Subtraction worksheet for Grade 5. Perfect printable math practice.,https://mathworksheetkidsforest.github.io/html/free-15-subtraction-math-worksheet-for-grade-5-with-answers-part-105-8837.html,https://mathworksheetkidsforest.github.io/images/free-15-subtraction-math-worksheet-for-grade-5-with-answers-part-105-8837.jpg,Math Practice Printables,04/06/2026 08:27:00 PM
Printable 3 Times Table Worksheet For Grade 2 - Part 106 | Printable Practice,Teachers and parents love this Times Table worksheet for Grade 2. Download and print instantly.,https://mathworksheetkidsforest.github.io/html/printable-3-times-table-worksheet-for-grade-2-part-106-6263.html,https://mathworksheetkidsforest.github.io/images/printable-3-times-table-worksheet-for-grade-2-part-106-6263.jpg,Math Practice Printables,04/07/2026 08:36:00 AM
Printable Tracing Worksheet For Kids - Part 107 | Free Printable,Printable Tracing worksheet designed for Kindergarten students. Easy and fun math practice.,https://mathworksheetkidsforest.github.io/html/printable-tracing-worksheet-for-kids-part-107-3785.html,https://mathworksheetkidsforest.github.io/images/printable-tracing-worksheet-for-kids-part-107-3785.jpg,Homeschool Math,04/07/2026 11:07:00 AM
Math Word Problem Worksheet,Fun and engaging Word Problem worksheet for Grade 3. Perfect printable math practice.,https://mathworksheetkidsforest.github.io/html/math-word-problem-worksheet-7392.html,https://mathworksheetkidsforest.github.io/images/math-word-problem-worksheet-7392.jpg,Homeschool Math,04/07/2026 01:29:00 PM
Printable Free 20 Addition Math Worksheet For Grade 3 - Part 109 | Printable Practice,Help kids master Addition with this printable worksheet for Grade 3. Great for daily math practice.,https://mathworksheetkidsforest.github.io/html/printable-free-20-addition-math-worksheet-for-grade-3-part-109-7638.html,https://mathworksheetkidsforest.github.io/images/printable-free-20-addition-math-worksheet-for-grade-3-part-109-7638.jpg,Elementary Math Activities,04/07/2026 04:32:00 PM
Grade 1 Count and Color Shapes Worksheet,Teachers and parents love this Count and Color worksheet for Grade 1. Download and print instantly.,https://mathworksheetkidsforest.github.io/html/grade-1-count-and-color-shapes-worksheet-2665.html,https://mathworksheetkidsforest.github.io/images/grade-1-count-and-color-shapes-worksheet-2665.jpg,Printable Worksheets,04/07/2026 08:38:00 PM
Kindergarten Count The Objects Worksheet - Part 111 | Printable Practice,Teachers and parents love this Counting Objects worksheet for Kindergarten. Download and print instantly.,https://mathworksheetkidsforest.github.io/html/kindergarten-count-the-objects-worksheet-part-111-1631.html,https://mathworksheetkidsforest.github.io/images/kindergarten-count-the-objects-worksheet-part-111-1631.jpg,Kids Math Worksheets,04/08/2026 08:32:00 AM
Printable Free 20 Division Math Worksheet For Grade 2 - Part 112 | Printable Practice,Fun and engaging Division worksheet for Grade 2. Perfect printable math practice.,https://mathworksheetkidsforest.github.io/html/printable-free-20-division-math-worksheet-for-grade-2-part-112-3751.html,https://mathworksheetkidsforest.github.io/images/printable-free-20-division-math-worksheet-for-grade-2-part-112-3751.jpg,Elementary Math Activities,04/08/2026 11:01:00 AM
Complete Math Trivia Worksheet (7 Questions),Free printable Math worksheet for Math. Perfect for homeschool practice and classroom activities.,https://mathworksheetkidsforest.github.io/html/complete-math-trivia-worksheet-7-questions-8385.html,https://mathworksheetkidsforest.github.io/images/complete-math-trivia-worksheet-7-questions-8385.jpg,Printable Worksheets,04/08/2026 01:32:00 PM
Missing Number Math Worksheet,Printable Missing Number worksheet designed for Grade 1 students. Easy and fun math practice.,https://mathworksheetkidsforest.github.io/html/missing-number-math-worksheet-2431.html,https://mathworksheetkidsforest.github.io/images/missing-number-math-worksheet-2431.jpg,Math Practice Printables,04/08/2026 04:36:00 PM
Mixed Operations Math Worksheet,Fun and engaging Mixed Operations worksheet for Grade 3. Perfect printable math practice.,https://mathworksheetkidsforest.github.io/html/mixed-operations-math-worksheet-3977.html,https://mathworksheetkidsforest.github.io/images/mixed-operations-math-worksheet-3977.jpg,Elementary Math Activities,04/08/2026 08:23:00 PM
Free 13 Multiplication Math Worksheet For Grade 1 With Answers - Part 116 | Printable Practice,Teachers and parents love this Multiplication worksheet for Grade 1. Download and print instantly.,https://mathworksheetkidsforest.github.io/html/free-13-multiplication-math-worksheet-for-grade-1-with-answers-part-116-6340.html,https://mathworksheetkidsforest.github.io/images/free-13-multiplication-math-worksheet-for-grade-1-with-answers-part-116-6340.jpg,Homeschool Math,04/09/2026 08:29:00 AM
Printable Free 19 Subtraction Math Worksheet For Grade 3 - Part 117 | Printable Practice,Fun and engaging Subtraction worksheet for Grade 3. Perfect printable math practice.,https://mathworksheetkidsforest.github.io/html/printable-free-19-subtraction-math-worksheet-for-grade-3-part-117-3148.html,https://mathworksheetkidsforest.github.io/images/printable-free-19-subtraction-math-worksheet-for-grade-3-part-117-3148.jpg,Elementary Math Activities,04/09/2026 11:01:00 AM
5 Times Table Worksheet For Grade 2 With Answers - Part 118 | Printable Practice,Teachers and parents love this Times Table worksheet for Grade 2. Download and print instantly.,https://mathworksheetkidsforest.github.io/html/5-times-table-worksheet-for-grade-2-with-answers-part-118-4438.html,https://mathworksheetkidsforest.github.io/images/5-times-table-worksheet-for-grade-2-with-answers-part-118-4438.jpg,Math Practice Printables,04/09/2026 01:30:00 PM
Printable Tracing Worksheet For Kids - Part 119 | Free Printable,Printable Tracing worksheet designed for Kindergarten students. Easy and fun math practice.,https://mathworksheetkidsforest.github.io/html/printable-tracing-worksheet-for-kids-part-119-4276.html,https://mathworksheetkidsforest.github.io/images/printable-tracing-worksheet-for-kids-part-119-4276.jpg,Math Practice Printables,04/09/2026 04:25:00 PM
Math Word Problem Worksheet,Printable Word Problem worksheet designed for Grade 3 students. Easy and fun math practice.,https://mathworksheetkidsforest.github.io/html/math-word-problem-worksheet-1679.html,https://mathworksheetkidsforest.github.io/images/math-word-problem-worksheet-1679.jpg,Elementary Math Activities,04/09/2026 08:33:00 PM
Grade 5 Addition Practice Worksheet (29 Problems) - Part 121 | Printable Practice,Fun and engaging Addition worksheet for Grade 5. Perfect printable math practice.,https://mathworksheetkidsforest.github.io/html/grade-5-addition-practice-worksheet-29-problems-part-121-8290.html,https://mathworksheetkidsforest.github.io/images/grade-5-addition-practice-worksheet-29-problems-part-121-8290.jpg,Kids Math Worksheets,04/10/2026 08:36:00 AM
"Count and Color Star, Apple, Car Worksheet for Kids",Fun and engaging Count and Color worksheet for Kindergarten. Perfect printable math practice.,https://mathworksheetkidsforest.github.io/html/count-and-color-star-apple-car-worksheet-for-kids-5848.html,https://mathworksheetkidsforest.github.io/images/count-and-color-star-apple-car-worksheet-for-kids-5848.jpg,Kids Math Worksheets,04/10/2026 11:00:00 AM
Free Counting Objects Worksheet For Kindergarten - Part 123 | Printable Practice,Free printable Counting Objects worksheet for Kindergarten. Perfect for homeschool practice and classroom activities.,https://mathworksheetkidsforest.github.io/html/free-counting-objects-worksheet-for-kindergarten-part-123-3322.html,https://mathworksheetkidsforest.github.io/images/free-counting-objects-worksheet-for-kindergarten-part-123-3322.jpg,Math Practice Printables,04/10/2026 01:28:00 PM
Free 27 Division Math Worksheet For Grade 1 With Answers - Part 124 | Printable Practice,Printable Division worksheet designed for Grade 1 students. Easy and fun math practice.,https://mathworksheetkidsforest.github.io/html/free-27-division-math-worksheet-for-grade-1-with-answers-part-124-1698.html,https://mathworksheetkidsforest.github.io/images/free-27-division-math-worksheet-for-grade-1-with-answers-part-124-1698.jpg,Elementary Math Activities,04/10/2026 04:33:00 PM
Ultimate Math Challenge Quiz Worksheet,Free printable Math worksheet for Math. Perfect for homeschool practice and classroom activities.,https://mathworksheetkidsforest.github.io/html/ultimate-math-challenge-quiz-worksheet-3963.html,https://mathworksheetkidsforest.github.io/images/ultimate-math-challenge-quiz-worksheet-3963.jpg,Homeschool Math,04/10/2026 08:35:00 PM
Missing Number Math Worksheet,Fun and engaging Missing Number worksheet for Grade 1. Perfect printable math practice.,https://mathworksheetkidsforest.github.io/html/missing-number-math-worksheet-3220.html,https://mathworksheetkidsforest.github.io/images/missing-number-math-worksheet-3220.jpg,Kids Math Worksheets,04/11/2026 08:33:00 AM
Mixed Operations Math Worksheet,Printable Mixed Operations worksheet designed for Grade 3 students. Easy and fun math practice.,https://mathworksheetkidsforest.github.io/html/mixed-operations-math-worksheet-5770.html,https://mathworksheetkidsforest.github.io/images/mixed-operations-math-worksheet-5770.jpg,Elementary Math Activities,04/11/2026 11:04:00 AM
Printable Free 24 Multiplication Math Worksheet For Grade 1 - Part 128 | Printable Practice,Printable Multiplication worksheet designed for Grade 1 students. Easy and fun math practice.,https://mathworksheetkidsforest.github.io/html/printable-free-24-multiplication-math-worksheet-for-grade-1-part-128-8183.html,https://mathworksheetkidsforest.github.io/images/printable-free-24-multiplication-math-worksheet-for-grade-1-part-128-8183.jpg,Elementary Math Activities,04/11/2026 01:26:00 PM
Grade 2 Subtraction Practice Worksheet (25 Problems) - Part 129 | Printable Practice,Help kids master Subtraction with this printable worksheet for Grade 2. Great for daily math practice.,https://mathworksheetkidsforest.github.io/html/grade-2-subtraction-practice-worksheet-25-problems-part-129-3326.html,https://mathworksheetkidsforest.github.io/images/grade-2-subtraction-practice-worksheet-25-problems-part-129-3326.jpg,Elementary Math Activities,04/11/2026 04:31:00 PM
2 Times Table Worksheet For Grade 2 With Answers - Part 130 | Printable Practice,Free printable Times Table worksheet for Grade 2. Perfect for homeschool practice and classroom activities.,https://mathworksheetkidsforest.github.io/html/2-times-table-worksheet-for-grade-2-with-answers-part-130-1414.html,https://mathworksheetkidsforest.github.io/images/2-times-table-worksheet-for-grade-2-with-answers-part-130-1414.jpg,Homeschool Math,04/11/2026 08:32:00 PM
Printable Tracing Worksheet For Kids - Part 131 | Free Printable,Help kids master Tracing with this printable worksheet for Kindergarten. Great for daily math practice.,https://mathworksheetkidsforest.github.io/html/printable-tracing-worksheet-for-kids-part-131-4790.html,https://mathworksheetkidsforest.github.io/images/printable-tracing-worksheet-for-kids-part-131-4790.jpg,Homeschool Math,04/12/2026 08:37:00 AM
Math Word Problem Worksheet,Free printable Word Problem worksheet for Grade 3. Perfect for homeschool practice and classroom activities.,https://mathworksheetkidsforest.github.io/html/math-word-problem-worksheet-9121.html,https://mathworksheetkidsforest.github.io/images/math-word-problem-worksheet-9121.jpg,Printable Worksheets,04/12/2026 11:00:00 AM
Printable Free 28 Addition Math Worksheet For Grade 3 - Part 133 | Printable Practice,Teachers and parents love this Addition worksheet for Grade 3. Download and print instantly.,https://mathworksheetkidsforest.github.io/html/printable-free-28-addition-math-worksheet-for-grade-3-part-133-4172.html,https://mathworksheetkidsforest.github.io/images/printable-free-28-addition-math-worksheet-for-grade-3-part-133-4172.jpg,Elementary Math Activities,04/12/2026 01:26:00 PM
Free Preschool Count and Color Worksheet,Teachers and parents love this Count and Color worksheet for Preschool. Download and print instantly.,https://mathworksheetkidsforest.github.io/html/free-preschool-count-and-color-worksheet-7618.html,https://mathworksheetkidsforest.github.io/images/free-preschool-count-and-color-worksheet-7618.jpg,Math Practice Printables,04/12/2026 04:32:00 PM
Learn Counting With Pictures Worksheet (Pre-K) - Part 135 | Printable Practice,Teachers and parents love this Counting Objects worksheet for Pre-K. Download and print instantly.,https://mathworksheetkidsforest.github.io/html/learn-counting-with-pictures-worksheet-pre-k-part-135-5375.html,https://mathworksheetkidsforest.github.io/images/learn-counting-with-pictures-worksheet-pre-k-part-135-5375.jpg,Math Practice Printables,04/12/2026 08:34:00 PM
Free 20 Division Math Worksheet For Grade 1 With Answers - Part 136 | Printable Practice,Teachers and parents love this Division worksheet for Grade 1. Download and print instantly.,https://mathworksheetkidsforest.github.io/html/free-20-division-math-worksheet-for-grade-1-with-answers-part-136-9769.html,https://mathworksheetkidsforest.github.io/images/free-20-division-math-worksheet-for-grade-1-with-answers-part-136-9769.jpg,Homeschool Math,04/13/2026 08:30:00 AM
8 Math Skill Test Quiz Worksheet for High School Students,Teachers and parents love this Math worksheet for Math. Download and print instantly.,https://mathworksheetkidsforest.github.io/html/8-math-skill-test-quiz-worksheet-for-high-school-students-9000.html,https://mathworksheetkidsforest.github.io/images/8-math-skill-test-quiz-worksheet-for-high-school-students-9000.jpg,Math Practice Printables,04/13/2026 11:00:00 AM
Missing Number Math Worksheet,Teachers and parents love this Missing Number worksheet for Grade 1. Download and print instantly.,https://mathworksheetkidsforest.github.io/html/missing-number-math-worksheet-9459.html,https://mathworksheetkidsforest.github.io/images/missing-number-math-worksheet-9459.jpg,Elementary Math Activities,04/13/2026 01:34:00 PM
Mixed Operations Math Worksheet,Free printable Mixed Operations worksheet for Grade 3. Perfect for homeschool practice and classroom activities.,https://mathworksheetkidsforest.github.io/html/mixed-operations-math-worksheet-8595.html,https://mathworksheetkidsforest.github.io/images/mixed-operations-math-worksheet-8595.jpg,Elementary Math Activities,04/13/2026 04:38:00 PM
Printable Free 14 Multiplication Math Worksheet For Grade 2 - Part 140 | Printable Practice,Help kids master Multiplication with this printable worksheet for Grade 2. Great for daily math practice.,https://mathworksheetkidsforest.github.io/html/printable-free-14-multiplication-math-worksheet-for-grade-2-part-140-9300.html,https://mathworksheetkidsforest.github.io/images/printable-free-14-multiplication-math-worksheet-for-grade-2-part-140-9300.jpg,Homeschool Math,04/13/2026 08:34:00 PM
Grade 2 Subtraction Practice Worksheet (18 Problems) - Part 141 | Printable Practice,Help kids master Subtraction with this printable worksheet for Grade 2. Great for daily math practice.,https://mathworksheetkidsforest.github.io/html/grade-2-subtraction-practice-worksheet-18-problems-part-141-8960.html,https://mathworksheetkidsforest.github.io/images/grade-2-subtraction-practice-worksheet-18-problems-part-141-8960.jpg,Printable Worksheets,04/14/2026 08:35:00 AM
9 Times Table Worksheet For Grade 3 With Answers - Part 142 | Printable Practice,Fun and engaging Times Table worksheet for Grade 3. Perfect printable math practice.,https://mathworksheetkidsforest.github.io/html/9-times-table-worksheet-for-grade-3-with-answers-part-142-4476.html,https://mathworksheetkidsforest.github.io/images/9-times-table-worksheet-for-grade-3-with-answers-part-142-4476.jpg,Kids Math Worksheets,04/14/2026 11:08:00 AM
Printable Tracing Worksheet For Kids - Part 143 | Free Printable,Free printable Tracing worksheet for Kindergarten. Perfect for homeschool practice and classroom activities.,https://mathworksheetkidsforest.github.io/html/printable-tracing-worksheet-for-kids-part-143-9135.html,https://mathworksheetkidsforest.github.io/images/printable-tracing-worksheet-for-kids-part-143-9135.jpg,Kids Math Worksheets,04/14/2026 01:29:00 PM
Math Word Problem Worksheet,Printable Word Problem worksheet designed for Grade 3 students. Easy and fun math practice.,https://mathworksheetkidsforest.github.io/html/math-word-problem-worksheet-7437.html,https://mathworksheetkidsforest.github.io/images/math-word-problem-worksheet-7437.jpg,Printable Worksheets,04/14/2026 04:29:00 PM
Free 25 Addition Math Worksheet For Grade 5 - Part 145 | Printable Practice,Free printable Addition worksheet for Grade 5. Perfect for homeschool practice and classroom activities.,https://mathworksheetkidsforest.github.io/html/free-25-addition-math-worksheet-for-grade-5-part-145-2773.html,https://mathworksheetkidsforest.github.io/images/free-25-addition-math-worksheet-for-grade-5-part-145-2773.jpg,Math Practice Printables,04/14/2026 08:33:00 PM
Fun Count and Color Objects Worksheet for Preschool,Help kids master Count and Color with this printable worksheet for Preschool. Great for daily math practice.,https://mathworksheetkidsforest.github.io/html/fun-count-and-color-objects-worksheet-for-preschool-1726.html,https://mathworksheetkidsforest.github.io/images/fun-count-and-color-objects-worksheet-for-preschool-1726.jpg,Elementary Math Activities,04/15/2026 08:28:00 AM
Learn Counting With Pictures Worksheet (Kindergarten) - Part 147 | Printable Practice,Help kids master Counting Objects with this printable worksheet for Kindergarten. Great for daily math practice.,https://mathworksheetkidsforest.github.io/html/learn-counting-with-pictures-worksheet-kindergarten-part-147-4419.html,https://mathworksheetkidsforest.github.io/images/learn-counting-with-pictures-worksheet-kindergarten-part-147-4419.jpg,Homeschool Math,04/15/2026 11:00:00 AM
Free 15 Division Math Worksheet For Grade 1 - Part 148 | Printable Practice,Fun and engaging Division worksheet for Grade 1. Perfect printable math practice.,https://mathworksheetkidsforest.github.io/html/free-15-division-math-worksheet-for-grade-1-part-148-1875.html,https://mathworksheetkidsforest.github.io/images/free-15-division-math-worksheet-for-grade-1-part-148-1875.jpg,Printable Worksheets,04/15/2026 01:31:00 PM
4 Mathematics Practice Practice Worksheet,Free printable Math worksheet for Math. Perfect for homeschool practice and classroom activities.,https://mathworksheetkidsforest.github.io/html/4-mathematics-practice-practice-worksheet-4683.html,https://mathworksheetkidsforest.github.io/images/4-mathematics-practice-practice-worksheet-4683.jpg,Math Practice Printables,04/15/2026 04:24:00 PM
Missing Number Math Worksheet,Teachers and parents love this Missing Number worksheet for Grade 1. Download and print instantly.,https://mathworksheetkidsforest.github.io/html/missing-number-math-worksheet-5077.html,https://mathworksheetkidsforest.github.io/images/missing-number-math-worksheet-5077.jpg,Homeschool Math,04/15/2026 08:31:00 PM
Mixed Operations Math Worksheet,Teachers and parents love this Mixed Operations worksheet for Grade 3. Download and print instantly.,https://mathworksheetkidsforest.github.io/html/mixed-operations-math-worksheet-3178.html,https://mathworksheetkidsforest.github.io/images/mixed-operations-math-worksheet-3178.jpg,Homeschool Math,04/16/2026 08:22:00 AM
Printable Free 10 Multiplication Math Worksheet For Grade 2 - Part 152 | Printable Practice,Teachers and parents love this Multiplication worksheet for Grade 2. Download and print instantly.,https://mathworksheetkidsforest.github.io/html/printable-free-10-multiplication-math-worksheet-for-grade-2-part-152-8070.html,https://mathworksheetkidsforest.github.io/images/printable-free-10-multiplication-math-worksheet-for-grade-2-part-152-8070.jpg,Homeschool Math,04/16/2026 11:00:00 AM
Free 25 Subtraction Math Worksheet For Grade 3 - Part 153 | Printable Practice,Help kids master Subtraction with this printable worksheet for Grade 3. Great for daily math practice.,https://mathworksheetkidsforest.github.io/html/free-25-subtraction-math-worksheet-for-grade-3-part-153-2807.html,https://mathworksheetkidsforest.github.io/images/free-25-subtraction-math-worksheet-for-grade-3-part-153-2807.jpg,Kids Math Worksheets,04/16/2026 01:26:00 PM
Printable 12 Times Table Worksheet For Grade 4 - Part 154 | Printable Practice,Help kids master Times Table with this printable worksheet for Grade 4. Great for daily math practice.,https://mathworksheetkidsforest.github.io/html/printable-12-times-table-worksheet-for-grade-4-part-154-6339.html,https://mathworksheetkidsforest.github.io/images/printable-12-times-table-worksheet-for-grade-4-part-154-6339.jpg,Math Practice Printables,04/16/2026 04:30:00 PM
Printable Tracing Worksheet For Kids - Part 155 | Free Printable,Fun and engaging Tracing worksheet for Kindergarten. Perfect printable math practice.,https://mathworksheetkidsforest.github.io/html/printable-tracing-worksheet-for-kids-part-155-4448.html,https://mathworksheetkidsforest.github.io/images/printable-tracing-worksheet-for-kids-part-155-4448.jpg,Homeschool Math,04/16/2026 08:35:00 PM
Math Word Problem Worksheet,Printable Word Problem worksheet designed for Grade 3 students. Easy and fun math practice.,https://mathworksheetkidsforest.github.io/html/math-word-problem-worksheet-8898.html,https://mathworksheetkidsforest.github.io/images/math-word-problem-worksheet-8898.jpg,Elementary Math Activities,04/17/2026 08:29:00 AM
Printable Free 14 Addition Math Worksheet For Grade 3 - Part 157 | Printable Practice,Free printable Addition worksheet for Grade 3. Perfect for homeschool practice and classroom activities.,https://mathworksheetkidsforest.github.io/html/printable-free-14-addition-math-worksheet-for-grade-3-part-157-1686.html,https://mathworksheetkidsforest.github.io/images/printable-free-14-addition-math-worksheet-for-grade-3-part-157-1686.jpg,Math Practice Printables,04/17/2026 11:00:00 AM
Printable Count and Color Worksheet for Preschool Kids,Free printable Count and Color worksheet for Preschool. Perfect for homeschool practice and classroom activities.,https://mathworksheetkidsforest.github.io/html/printable-count-and-color-worksheet-for-preschool-kids-3884.html,https://mathworksheetkidsforest.github.io/images/printable-count-and-color-worksheet-for-preschool-kids-3884.jpg,Printable Worksheets,04/17/2026 01:30:00 PM
Kindergarten Count The Objects Worksheet - Part 159 | Printable Practice,Fun and engaging Counting Objects worksheet for Kindergarten. Perfect printable math practice.,https://mathworksheetkidsforest.github.io/html/kindergarten-count-the-objects-worksheet-part-159-2353.html,https://mathworksheetkidsforest.github.io/images/kindergarten-count-the-objects-worksheet-part-159-2353.jpg,Kids Math Worksheets,04/17/2026 04:34:00 PM
Free 17 Division Math Worksheet For Grade 2 With Answers - Part 160 | Printable Practice,Help kids master Division with this printable worksheet for Grade 2. Great for daily math practice.,https://mathworksheetkidsforest.github.io/html/free-17-division-math-worksheet-for-grade-2-with-answers-part-160-5986.html,https://mathworksheetkidsforest.github.io/images/free-17-division-math-worksheet-for-grade-2-with-answers-part-160-5986.jpg,Kids Math Worksheets,04/17/2026 08:36:00 PM
Interactive Math Quiz Printable Worksheet,Printable Math worksheet designed for Math students. Easy and fun math practice.,https://mathworksheetkidsforest.github.io/html/interactive-math-quiz-printable-worksheet-2210.html,https://mathworksheetkidsforest.github.io/images/interactive-math-quiz-printable-worksheet-2210.jpg,Elementary Math Activities,04/18/2026 08:34:00 AM
Missing Number Math Worksheet,Free printable Missing Number worksheet for Grade 1. Perfect for homeschool practice and classroom activities.,https://mathworksheetkidsforest.github.io/html/missing-number-math-worksheet-5886.html,https://mathworksheetkidsforest.github.io/images/missing-number-math-worksheet-5886.jpg,Homeschool Math,04/18/2026 11:04:00 AM
Mixed Operations Math Worksheet,Fun and engaging Mixed Operations worksheet for Grade 3. Perfect printable math practice.,https://mathworksheetkidsforest.github.io/html/mixed-operations-math-worksheet-7868.html,https://mathworksheetkidsforest.github.io/images/mixed-operations-math-worksheet-7868.jpg,Math Practice Printables,04/18/2026 01:31:00 PM
Free 27 Multiplication Math Worksheet For Grade 2 With Answers - Part 164 | Printable Practice,Free printable Multiplication worksheet for Grade 2. Perfect for homeschool practice and classroom activities.,https://mathworksheetkidsforest.github.io/html/free-27-multiplication-math-worksheet-for-grade-2-with-answers-part-164-2028.html,https://mathworksheetkidsforest.github.io/images/free-27-multiplication-math-worksheet-for-grade-2-with-answers-part-164-2028.jpg,Homeschool Math,04/18/2026 04:36:00 PM
Free 12 Subtraction Math Worksheet For Grade 2 With Answers - Part 165 | Printable Practice,Printable Subtraction worksheet designed for Grade 2 students. Easy and fun math practice.,https://mathworksheetkidsforest.github.io/html/free-12-subtraction-math-worksheet-for-grade-2-with-answers-part-165-4157.html,https://mathworksheetkidsforest.github.io/images/free-12-subtraction-math-worksheet-for-grade-2-with-answers-part-165-4157.jpg,Homeschool Math,04/18/2026 08:32:00 PM
2 Times Table Worksheet For Grade 2 With Answers - Part 166 | Printable Practice,Printable Times Table worksheet designed for Grade 2 students. Easy and fun math practice.,https://mathworksheetkidsforest.github.io/html/2-times-table-worksheet-for-grade-2-with-answers-part-166-4755.html,https://mathworksheetkidsforest.github.io/images/2-times-table-worksheet-for-grade-2-with-answers-part-166-4755.jpg,Elementary Math Activities,04/19/2026 08:26:00 AM
Printable Tracing Worksheet For Kids - Part 167 | Free Printable,Free printable Tracing worksheet for Kindergarten. Perfect for homeschool practice and classroom activities.,https://mathworksheetkidsforest.github.io/html/printable-tracing-worksheet-for-kids-part-167-1955.html,https://mathworksheetkidsforest.github.io/images/printable-tracing-worksheet-for-kids-part-167-1955.jpg,Elementary Math Activities,04/19/2026 11:00:00 AM
Math Word Problem Worksheet,Help kids master Word Problem with this printable worksheet for Grade 3. Great for daily math practice.,https://mathworksheetkidsforest.github.io/html/math-word-problem-worksheet-5775.html,https://mathworksheetkidsforest.github.io/images/math-word-problem-worksheet-5775.jpg,Kids Math Worksheets,04/19/2026 01:29:00 PM
Printable Free 16 Addition Math Worksheet For Grade 1 - Part 169 | Printable Practice,Teachers and parents love this Addition worksheet for Grade 1. Download and print instantly.,https://mathworksheetkidsforest.github.io/html/printable-free-16-addition-math-worksheet-for-grade-1-part-169-1072.html,https://mathworksheetkidsforest.github.io/images/printable-free-16-addition-math-worksheet-for-grade-1-part-169-1072.jpg,Printable Worksheets,04/19/2026 04:27:00 PM
Grade 1 Count and Color Shapes Worksheet,Teachers and parents love this Count and Color worksheet for Grade 1. Download and print instantly.,https://mathworksheetkidsforest.github.io/html/grade-1-count-and-color-shapes-worksheet-8630.html,https://mathworksheetkidsforest.github.io/images/grade-1-count-and-color-shapes-worksheet-8630.jpg,Elementary Math Activities,04/19/2026 08:35:00 PM
Kindergarten Count The Objects Worksheet - Part 171 | Printable Practice,Fun and engaging Counting Objects worksheet for Kindergarten. Perfect printable math practice.,https://mathworksheetkidsforest.github.io/html/kindergarten-count-the-objects-worksheet-part-171-1296.html,https://mathworksheetkidsforest.github.io/images/kindergarten-count-the-objects-worksheet-part-171-1296.jpg,Elementary Math Activities,04/20/2026 08:27:00 AM
Printable Free 19 Division Math Worksheet For Grade 2 - Part 172 | Printable Practice,Help kids master Division with this printable worksheet for Grade 2. Great for daily math practice.,https://mathworksheetkidsforest.github.io/html/printable-free-19-division-math-worksheet-for-grade-2-part-172-6905.html,https://mathworksheetkidsforest.github.io/images/printable-free-19-division-math-worksheet-for-grade-2-part-172-6905.jpg,Math Practice Printables,04/20/2026 11:01:00 AM
Interactive Math Knowledge Test Printable Worksheet,Printable Math worksheet designed for Math students. Easy and fun math practice.,https://mathworksheetkidsforest.github.io/html/interactive-math-knowledge-test-printable-worksheet-9730.html,https://mathworksheetkidsforest.github.io/images/interactive-math-knowledge-test-printable-worksheet-9730.jpg,Kids Math Worksheets,04/20/2026 01:37:00 PM
Missing Number Math Worksheet,Printable Missing Number worksheet designed for Grade 1 students. Easy and fun math practice.,https://mathworksheetkidsforest.github.io/html/missing-number-math-worksheet-8248.html,https://mathworksheetkidsforest.github.io/images/missing-number-math-worksheet-8248.jpg,Elementary Math Activities,04/20/2026 04:27:00 PM
Mixed Operations Math Worksheet,Teachers and parents love this Mixed Operations worksheet for Grade 3. Download and print instantly.,https://mathworksheetkidsforest.github.io/html/mixed-operations-math-worksheet-9705.html,https://mathworksheetkidsforest.github.io/images/mixed-operations-math-worksheet-9705.jpg,Elementary Math Activities,04/20/2026 08:36:00 PM
Free 26 Multiplication Math Worksheet For Grade 1 - Part 176 | Printable Practice,Free printable Multiplication worksheet for Grade 1. Perfect for homeschool practice and classroom activities.,https://mathworksheetkidsforest.github.io/html/free-26-multiplication-math-worksheet-for-grade-1-part-176-7057.html,https://mathworksheetkidsforest.github.io/images/free-26-multiplication-math-worksheet-for-grade-1-part-176-7057.jpg,Printable Worksheets,04/21/2026 08:27:00 AM
Free 19 Subtraction Math Worksheet For Grade 5 - Part 177 | Printable Practice,Teachers and parents love this Subtraction worksheet for Grade 5. Download and print instantly.,https://mathworksheetkidsforest.github.io/html/free-19-subtraction-math-worksheet-for-grade-5-part-177-9902.html,https://mathworksheetkidsforest.github.io/images/free-19-subtraction-math-worksheet-for-grade-5-part-177-9902.jpg,Homeschool Math,04/21/2026 11:07:00 AM
Grade 3 Multiplication Table 9 Practice - Part 178 | Printable Practice,Help kids master Times Table with this printable worksheet for Grade 3. Great for daily math practice.,https://mathworksheetkidsforest.github.io/html/grade-3-multiplication-table-9-practice-part-178-3302.html,https://mathworksheetkidsforest.github.io/images/grade-3-multiplication-table-9-practice-part-178-3302.jpg,Kids Math Worksheets,04/21/2026 01:37:00 PM
Printable Tracing Worksheet For Kids - Part 179 | Free Printable,Free printable Tracing worksheet for Preschool. Perfect for homeschool practice and classroom activities.,https://mathworksheetkidsforest.github.io/html/printable-tracing-worksheet-for-kids-part-179-2723.html,https://mathworksheetkidsforest.github.io/images/printable-tracing-worksheet-for-kids-part-179-2723.jpg,Kids Math Worksheets,04/21/2026 04:26:00 PM
Math Word Problem Worksheet,Help kids master Word Problem with this printable worksheet for Grade 3. Great for daily math practice.,https://mathworksheetkidsforest.github.io/html/math-word-problem-worksheet-1198.html,https://mathworksheetkidsforest.github.io/images/math-word-problem-worksheet-1198.jpg,Printable Worksheets,04/21/2026 08:24:00 PM
Grade 1 Addition Practice Worksheet (12 Problems) - Part 181 | Printable Practice,Help kids master Addition with this printable worksheet for Grade 1. Great for daily math practice.,https://mathworksheetkidsforest.github.io/html/grade-1-addition-practice-worksheet-12-problems-part-181-1348.html,https://mathworksheetkidsforest.github.io/images/grade-1-addition-practice-worksheet-12-problems-part-181-1348.jpg,Elementary Math Activities,04/22/2026 08:32:00 AM
Printable Count and Color Worksheet for Kindergarten Kids,Help kids master Count and Color with this printable worksheet for Kindergarten. Great for daily math practice.,https://mathworksheetkidsforest.github.io/html/printable-count-and-color-worksheet-for-kindergarten-kids-1379.html,https://mathworksheetkidsforest.github.io/images/printable-count-and-color-worksheet-for-kindergarten-kids-1379.jpg,Homeschool Math,04/22/2026 11:00:00 AM
Free Counting Objects Worksheet For Kindergarten Printable - Part 183 | Printable Practice,Teachers and parents love this Counting Objects worksheet for Kindergarten. Download and print instantly.,https://mathworksheetkidsforest.github.io/html/free-counting-objects-worksheet-for-kindergarten-printable-part-183-1853.html,https://mathworksheetkidsforest.github.io/images/free-counting-objects-worksheet-for-kindergarten-printable-part-183-1853.jpg,Printable Worksheets,04/22/2026 01:24:00 PM
Free 26 Division Math Worksheet For Grade 2 With Answers - Part 184 | Printable Practice,Fun and engaging Division worksheet for Grade 2. Perfect printable math practice.,https://mathworksheetkidsforest.github.io/html/free-26-division-math-worksheet-for-grade-2-with-answers-part-184-7135.html,https://mathworksheetkidsforest.github.io/images/free-26-division-math-worksheet-for-grade-2-with-answers-part-184-7135.jpg,Kids Math Worksheets,04/22/2026 04:30:00 PM
Advanced General Math Quiz Test Worksheet,Help kids master Math with this printable worksheet for Math. Great for daily math practice.,https://mathworksheetkidsforest.github.io/html/advanced-general-math-quiz-test-worksheet-6460.html,https://mathworksheetkidsforest.github.io/images/advanced-general-math-quiz-test-worksheet-6460.jpg,Homeschool Math,04/22/2026 08:37:00 PM
Missing Number Math Worksheet,Fun and engaging Missing Number worksheet for Grade 1. Perfect printable math practice.,https://mathworksheetkidsforest.github.io/html/missing-number-math-worksheet-8630.html,https://mathworksheetkidsforest.github.io/images/missing-number-math-worksheet-8630.jpg,Elementary Math Activities,04/23/2026 08:23:00 AM
Mixed Operations Math Worksheet,Free printable Mixed Operations worksheet for Grade 3. Perfect for homeschool practice and classroom activities.,https://mathworksheetkidsforest.github.io/html/mixed-operations-math-worksheet-5364.html,https://mathworksheetkidsforest.github.io/images/mixed-operations-math-worksheet-5364.jpg,Homeschool Math,04/23/2026 11:00:00 AM
Free 14 Multiplication Math Worksheet For Grade 1 With Answers - Part 188 | Printable Practice,Help kids master Multiplication with this printable worksheet for Grade 1. Great for daily math practice.,https://mathworksheetkidsforest.github.io/html/free-14-multiplication-math-worksheet-for-grade-1-with-answers-part-188-4432.html,https://mathworksheetkidsforest.github.io/images/free-14-multiplication-math-worksheet-for-grade-1-with-answers-part-188-4432.jpg,Kids Math Worksheets,04/23/2026 01:37:00 PM
Grade 2 Subtraction Practice Worksheet (29 Problems) - Part 189 | Printable Practice,Fun and engaging Subtraction worksheet for Grade 2. Perfect printable math practice.,https://mathworksheetkidsforest.github.io/html/grade-2-subtraction-practice-worksheet-29-problems-part-189-4183.html,https://mathworksheetkidsforest.github.io/images/grade-2-subtraction-practice-worksheet-29-problems-part-189-4183.jpg,Printable Worksheets,04/23/2026 04:24:00 PM
Grade 4 Multiplication Table 11 Practice - Part 190 | Printable Practice,Fun and engaging Times Table worksheet for Grade 4. Perfect printable math practice.,https://mathworksheetkidsforest.github.io/html/grade-4-multiplication-table-11-practice-part-190-2728.html,https://mathworksheetkidsforest.github.io/images/grade-4-multiplication-table-11-practice-part-190-2728.jpg,Math Practice Printables,04/23/2026 08:28:00 PM
Printable Tracing Worksheet For Kids - Part 191 | Free Printable,Printable Tracing worksheet designed for Preschool students. Easy and fun math practice.,https://mathworksheetkidsforest.github.io/html/printable-tracing-worksheet-for-kids-part-191-5339.html,https://mathworksheetkidsforest.github.io/images/printable-tracing-worksheet-for-kids-part-191-5339.jpg,Elementary Math Activities,04/24/2026 08:27:00 AM
Math Word Problem Worksheet,Fun and engaging Word Problem worksheet for Grade 3. Perfect printable math practice.,https://mathworksheetkidsforest.github.io/html/math-word-problem-worksheet-3761.html,https://mathworksheetkidsforest.github.io/images/math-word-problem-worksheet-3761.jpg,Kids Math Worksheets,04/24/2026 11:04:00 AM
Printable Free 22 Addition Math Worksheet For Grade 1 - Part 193 | Printable Practice,Help kids master Addition with this printable worksheet for Grade 1. Great for daily math practice.,https://mathworksheetkidsforest.github.io/html/printable-free-22-addition-math-worksheet-for-grade-1-part-193-7616.html,https://mathworksheetkidsforest.github.io/images/printable-free-22-addition-math-worksheet-for-grade-1-part-193-7616.jpg,Homeschool Math,04/24/2026 01:33:00 PM
Preschool Count and Color Shapes Worksheet,Printable Count and Color worksheet designed for Preschool students. Easy and fun math practice.,https://mathworksheetkidsforest.github.io/html/preschool-count-and-color-shapes-worksheet-6350.html,https://mathworksheetkidsforest.github.io/images/preschool-count-and-color-shapes-worksheet-6350.jpg,Math Practice Printables,04/24/2026 04:24:00 PM
Kindergarten Count The Objects Worksheet - Part 195 | Printable Practice,Help kids master Counting Objects with this printable worksheet for Kindergarten. Great for daily math practice.,https://mathworksheetkidsforest.github.io/html/kindergarten-count-the-objects-worksheet-part-195-9100.html,https://mathworksheetkidsforest.github.io/images/kindergarten-count-the-objects-worksheet-part-195-9100.jpg,Elementary Math Activities,04/24/2026 08:22:00 PM
Printable Free 17 Division Math Worksheet For Grade 1 - Part 196 | Printable Practice,Teachers and parents love this Division worksheet for Grade 1. Download and print instantly.,https://mathworksheetkidsforest.github.io/html/printable-free-17-division-math-worksheet-for-grade-1-part-196-9147.html,https://mathworksheetkidsforest.github.io/images/printable-free-17-division-math-worksheet-for-grade-1-part-196-9147.jpg,Math Practice Printables,04/25/2026 08:30:00 AM
4 Math Questions for Teens,Fun and engaging Math worksheet for Math. Perfect printable math practice.,https://mathworksheetkidsforest.github.io/html/4-math-questions-for-teens-5099.html,https://mathworksheetkidsforest.github.io/images/4-math-questions-for-teens-5099.jpg,Math Practice Printables,04/25/2026 11:07:00 AM
Missing Number Math Worksheet,Help kids master Missing Number with this printable worksheet for Grade 1. Great for daily math practice.,https://mathworksheetkidsforest.github.io/html/missing-number-math-worksheet-7561.html,https://mathworksheetkidsforest.github.io/images/missing-number-math-worksheet-7561.jpg,Math Practice Printables,04/25/2026 01:25:00 PM
Mixed Operations Math Worksheet,Free printable Mixed Operations worksheet for Grade 3. Perfect for homeschool practice and classroom activities.,https://mathworksheetkidsforest.github.io/html/mixed-operations-math-worksheet-7296.html,https://mathworksheetkidsforest.github.io/images/mixed-operations-math-worksheet-7296.jpg,Homeschool Math,04/25/2026 04:35:00 PM
Printable Free 19 Multiplication Math Worksheet For Grade 2 - Part 200 | Printable Practice,Printable Multiplication worksheet designed for Grade 2 students. Easy and fun math practice.,https://mathworksheetkidsforest.github.io/html/printable-free-19-multiplication-math-worksheet-for-grade-2-part-200-4211.html,https://mathworksheetkidsforest.github.io/images/printable-free-19-multiplication-math-worksheet-for-grade-2-part-200-4211.jpg,Kids Math Worksheets,04/25/2026 08:29:00 PM
